{
  "!type": "Form",
  "HTML": null,
  "attributes": "",
  "background": "#F0F8FF",
  "backgroundimage": "",
  "borderColor": "",
  "borderStyle": "",
  "borderWidth": "",
  "cached_js": null,
  "cached_js_script_hash": null,
  "children": [
    {
      "!type": "External",
      "file": [
        "forms",
        "showWeather",
        "Elements",
        "lblWeather.json"
      ]
    },
    {
      "!type": "External",
      "file": [
        "forms",
        "showWeather",
        "Elements",
        "HamburgerW2.json"
      ]
    }
  ],
  "class": "",
  "designHeight": 0,
  "designWidth": 0,
  "expanded_pmp": null,
  "fullScreen": "true",
  "height": 460,
  "id": "showWeather",
  "language": "JavaScript",
  "left": "0",
  "locked": false,
  "modal": "false",
  "onhide": "",
  "onkeypress": "",
  "onresize": "",
  "onshow": "",
  "openMode": "none",
  "parentForm": "",
  "position": "absolute",
  "script": null,
  "setFocusID": "",
  "style": "",
  "theme": "",
  "top": "0",
  "width": 320
}